tipo_registro,id,categoria_o_escalon,titulo_o_pregunta,respuesta_o_instruccion,fuente_datos,recursos_sugeridos,requiere_datos_personales,tipo_respuesta,ambito,tipo_caso,riesgo_vital,contacto_oficial,horario,cobertura,que_no_debe_prometer,fuente_url,fecha_verificacion,nivel_confianza,notas
pregunta,P001,1. Avance curricular y malla,"Con los ramos que tengo aprobados, ¿cuánto me falta para egresar?","Avance curricular: créditos aprobados/faltantes, asignaturas restantes y advertencias.",Registro del alumno + Malla curricular,R19,Si,Calculo determinista,,,,,,,,,,,
pregunta,P002,1. Avance curricular y malla,¿Cuál es mi porcentaje real de avance de carrera?,Cálculo del avance por créditos SCT y por asignaturas.,Registro del alumno + Malla curricular,,Si,Calculo determinista,,,,,,,,,,,
pregunta,P003,1. Avance curricular y malla,¿Cuántos créditos SCT llevo aprobados en total?,Suma de créditos aprobados a la fecha.,Registro del alumno,,Si,Calculo determinista,,,,,,,,,,,
pregunta,P004,1. Avance curricular y malla,¿Qué asignaturas de la malla aún no he cursado?,Listado de asignaturas pendientes según malla y registro.,Registro del alumno + Malla curricular,,Si,Calculo determinista,,,,,,,,,,,
pregunta,P005,1. Avance curricular y malla,¿En qué semestre de la malla estoy realmente según lo aprobado?,Ubicación efectiva en la malla (no la nominal).,Registro del alumno + Malla curricular,,Si,Calculo determinista,,,,,,,,,,,
pregunta,P006,1. Avance curricular y malla,"¿Voy adelantado, al día o atrasado respecto a mi cohorte?",Comparación entre avance esperado y avance real.,Registro del alumno + Malla curricular,,Si,Calculo determinista,,,,,,,,,,,
pregunta,P007,1. Avance curricular y malla,¿Cuántos créditos de electivos o formación general me faltan?,Créditos electivos/FG requeridos vs. cursados.,Registro del alumno + Malla curricular,,Si,Calculo determinista,,,,,,,,,,,
pregunta,P008,1. Avance curricular y malla,¿Qué ramos electivos me faltan por tomar?,Electivos pendientes y oferta asociada.,Registro del alumno + Malla + Oferta electivos,,Si,Calculo determinista,,,,,,,,,,,
pregunta,P009,1. Avance curricular y malla,"Si sigo el plan sugerido, ¿en qué semestre egreso?",Proyección de egreso bajo el plan estándar.,Malla curricular + Registro del alumno,,Si,Calculo determinista,,,,,,,,,,,
pregunta,P010,1. Avance curricular y malla,¿Qué pasa si apruebo todos menos uno este semestre?,Escenario académico proyectado y su efecto en la malla.,Malla curricular + Registro del alumno,,Si,Calculo determinista,,,,,,,,,,,
pregunta,P011,1. Avance curricular y malla,¿Puedo cambiarme a la malla nueva y qué implica?,Condiciones del cambio de malla y su impacto; derivar para autorización.,Reglamento + Malla + Secretaría Académica,,Si,Derivar a humano,,,,,,,,,,,
pregunta,P012,1. Avance curricular y malla,¿Qué asignaturas se me convalidan si migro desde la malla antigua?,Tabla de equivalencias entre mallas; casos límite se derivan.,Tabla de equivalencias de malla,,Si,Calculo determinista,,,,,,,,,,,
pregunta,P013,2. Prerrequisitos y dependencias,¿Estoy tomando un ramo que depende de otro que aún no apruebo?,Validación de prerrequisitos de la inscripción actual.,Malla curricular + Registro del alumno,,Si,Calculo determinista,,,,,,,,,,,
pregunta,P014,2. Prerrequisitos y dependencias,¿Qué ramos necesito aprobar antes de tomar [X]?,Prerrequisitos directos de la asignatura.,Malla curricular,,No,Dato directo,,,,,,,,,,,
pregunta,P015,2. Prerrequisitos y dependencias,¿Para qué ramos es prerrequisito [X]?,Asignaturas posteriores que dependen de [X].,Malla curricular,,No,Dato directo,,,,,,,,,,,
pregunta,P016,2. Prerrequisitos y dependencias,¿Puedo tomar [X] e [Y] al mismo tiempo o uno es requisito del otro?,Relación de prerrequisito/correquisito entre ambos.,Malla curricular,,No,Dato directo,,,,,,,,,,,
pregunta,P017,2. Prerrequisitos y dependencias,¿Qué ramos se me desbloquean si apruebo [X] este semestre?,Asignaturas que se habilitan al aprobar [X].,Malla + Registro del alumno,,Si,Calculo determinista,,,,,,,,,,,
pregunta,P018,2. Prerrequisitos y dependencias,¿Hay correquisitos que deba tomar junto con [X]?,Correquisitos declarados de la asignatura.,Malla curricular,,No,Dato directo,,,,,,,,,,,
pregunta,P019,2. Prerrequisitos y dependencias,¿Qué ramo me bloquea más la malla si lo repruebo?,Identificación del ramo crítico por número de dependencias.,Malla curricular,,No,Calculo determinista,,,,,,,,,,,
pregunta,P020,2. Prerrequisitos y dependencias,¿Qué ramos son cuello de botella en mi carrera?,Ramos con más dependencias posteriores.,Malla curricular,,No,Calculo determinista,,,,,,,,,,,
pregunta,P021,2. Prerrequisitos y dependencias,¿Cuál es la cadena de prerrequisitos más larga de mi carrera?,Ruta crítica de dependencias de la malla.,Malla curricular,,No,Calculo determinista,,,,,,,,,,,
pregunta,P022,2. Prerrequisitos y dependencias,¿Tengo desbloqueado [X] con lo que ya aprobé?,Verificación de si se cumplen los prerrequisitos de [X].,Malla + Registro del alumno,,Si,Calculo determinista,,,,,,,,,,,
pregunta,P023,3. Impacto de reprobar y escenarios,"Si repruebo este ramo, ¿me atraso un semestre o un año?","Impacto en la malla, prerrequisitos afectados y rutas alternativas.",Malla + Registro del alumno,,Si,Calculo determinista,,,,,,,,,,,
pregunta,P024,3. Impacto de reprobar y escenarios,¿Qué ramos me conviene tomar el próximo semestre para no atrasarme?,"Recomendación según prerrequisitos, carga y avance (con regla explícita).",Malla + Registro del alumno,,Si,Recomendacion (regla),,,,,,,,,,,
pregunta,P025,3. Impacto de reprobar y escenarios,¿Puedo adelantar ramos si tengo carga académica incompleta?,Condiciones y restricciones; a quién consultar para autorizar.,Reglamento + Malla + Coordinación,,Si,Derivar a humano,,,,,,,,,,,
pregunta,P026,3. Impacto de reprobar y escenarios,¿Puedo egresar antes si tomo verano?,Posibilidades según oferta de verano y malla.,Malla + Oferta verano + Calendario,,Si,Recomendacion (regla),,,,,,,,,,,
pregunta,P027,3. Impacto de reprobar y escenarios,"Si repruebo [X] e [Y], ¿qué asignaturas se me arrastran al próximo año?",Efecto encadenado sobre prerrequisitos futuros.,Malla + Registro del alumno,,Si,Calculo determinista,,,,,,,,,,,
pregunta,P028,3. Impacto de reprobar y escenarios,¿Cuál es la carga ideal para recuperar el atraso sin sobrecargarme?,Escenario de recuperación bajo tope de créditos (regla explícita).,Malla + Registro + Reglamento de carga,,Si,Recomendacion (regla),,,,,,,,,,,
pregunta,P029,4. Inscripción y toma de ramos,¿Cuándo empieza el período de inscripción de asignaturas?,Fechas del proceso de inscripción.,Calendario académico,,No,Dato directo,,,,,,,,,,,
pregunta,P030,4. Inscripción y toma de ramos,¿Cómo inscribo mis ramos en el sistema?,Procedimiento paso a paso de inscripción.,Instructivo de inscripción,,No,Dato directo,,,,,,,,,,,
pregunta,P031,4. Inscripción y toma de ramos,¿Cuál es la carga máxima y mínima de créditos por semestre?,Topes de créditos según reglamento.,Reglamento académico,,No,Dato directo,,,,,,,,,,,
pregunta,P032,4. Inscripción y toma de ramos,¿Puedo inscribir un ramo con tope de horario?,Regla sobre topes y quién autoriza excepciones.,Reglamento + Coordinación,,No,Derivar a humano,,,,,,,,,,,
pregunta,P033,4. Inscripción y toma de ramos,¿Cómo elimino o modifico un ramo ya inscrito?,Procedimiento y plazos de modificación.,Instructivo + Calendario académico,,No,Dato directo,,,,,,,,,,,
pregunta,P034,4. Inscripción y toma de ramos,¿Hasta cuándo puedo hacer cambios en mi inscripción?,Fecha límite de modificación de carga.,Calendario académico,,No,Dato directo,,,,,,,,,,,
pregunta,P035,4. Inscripción y toma de ramos,¿Qué hago si el ramo que necesito no tiene cupos?,Procedimiento de lista de espera / solicitud de cupo.,Instructivo + Secretaría,,No,Derivar a humano,,,,,,,,,,,
pregunta,P036,4. Inscripción y toma de ramos,"¿Puedo inscribir un ramo de otra sección, jornada o sede?",Condiciones para inscribir fuera de la sección asignada.,Reglamento + Secretaría,,No,Derivar a humano,,,,,,,,,,,
pregunta,P037,4. Inscripción y toma de ramos,¿Cómo tomo un ramo por segunda vez (repetición)?,Procedimiento para reinscribir un ramo reprobado.,Instructivo de inscripción,,No,Dato directo,,,,,,,,,,,
pregunta,P038,"5. Notas, evaluación y aprobación",¿Con qué nota se aprueba una asignatura?,Nota mínima de aprobación.,Reglamento académico,,No,Dato directo,,,,,,,,,,,
pregunta,P039,"5. Notas, evaluación y aprobación",¿Cómo se calcula la nota de presentación a examen?,Regla de cálculo de la presentación.,Reglamento + Programa de asignatura,,No,Dato directo,,,,,,,,,,,
pregunta,P040,"5. Notas, evaluación y aprobación",¿Cuál es la ponderación de las evaluaciones de [X]?,Ponderaciones definidas en el programa del ramo.,Programa de la asignatura,,No,Dato directo,,,,,,,,,,,
pregunta,P041,"5. Notas, evaluación y aprobación",¿Con qué promedio quedo eximido del examen?,Condición de eximición si existe.,Reglamento + Programa de asignatura,,No,Dato directo,,,,,,,,,,,
pregunta,P042,"5. Notas, evaluación y aprobación",¿Cuál es mi promedio ponderado acumulado?,Cálculo del PPA a la fecha.,Registro del alumno,,Si,Calculo determinista,,,,,,,,,,,
pregunta,P043,"5. Notas, evaluación y aprobación",¿Cómo se calcula el promedio de titulación?,Fórmula del promedio final de titulación.,Reglamento de titulación,,No,Dato directo,,,,,,,,,,,
pregunta,P044,"5. Notas, evaluación y aprobación",¿Qué pasa si repruebo el examen pero tenía buena presentación?,Regla de nota final y reprobación por examen.,Reglamento académico,,No,Dato directo,,,,,,,,,,,
pregunta,P045,"5. Notas, evaluación y aprobación",¿Puedo pedir recorrección de una evaluación?,Procedimiento y plazo de recorrección.,Reglamento + Docente,"R16,R17",No,Derivar a humano,,,,,,,,,,,
pregunta,P046,"5. Notas, evaluación y aprobación",¿Cómo justifico la inasistencia a una evaluación?,Procedimiento y documentación para justificar.,Reglamento académico + Secretaría,,No,Derivar a humano,,,,,,,,,,,
pregunta,P047,6. Reglamento y situación académica,¿Cuántas veces puedo reprobar un mismo ramo?,Límite de reprobaciones antes de sanción.,Reglamento académico,,No,Dato directo,,,,,,,,,,,
pregunta,P048,6. Reglamento y situación académica,¿Qué es la causal de eliminación académica y cuándo aplica?,Definición y condiciones de la causal.,Reglamento académico,,No,Dato directo,,,,,,,,,,,
pregunta,P049,6. Reglamento y situación académica,¿Qué pasa si repruebo el mismo ramo por tercera vez?,Consecuencia reglamentaria; derivar caso particular.,Reglamento + Coordinación,,No,Derivar a humano,,,,,,,,,,,
pregunta,P050,6. Reglamento y situación académica,¿Estoy en situación de alerta o riesgo académico?,Estado del alumno según reglas de alerta.,Registro del alumno + Reglamento,,Si,Calculo determinista,,,,,,,,,,,
pregunta,P051,6. Reglamento y situación académica,¿Cuál es el porcentaje de asistencia mínima exigido?,Requisito de asistencia según normativa.,Reglamento académico,,No,Dato directo,,,,,,,,,,,
pregunta,P052,6. Reglamento y situación académica,¿Cómo apelo una eliminación académica y cuáles son mis derechos?,Procedimiento de apelación; derivar a instancia oficial.,Reglamento + Secretaría Académica,,No,Derivar a humano,,,,,,,,,,,
pregunta,P053,6. Reglamento y situación académica,¿Qué es un plan de recuperación o continuidad y a quién aplica?,Definición y condiciones del plan.,Reglamento académico,,No,Dato directo,,,,,,,,,,,
pregunta,P054,7. Prácticas profesionales,¿Qué requisitos debo cumplir para hacer la práctica profesional?,Requisitos de avance/créditos para la práctica.,Reglamento de prácticas + Malla,,Si,Calculo determinista,,,,,,,,,,,
pregunta,P055,7. Prácticas profesionales,¿Cuántas horas dura la práctica de mi carrera?,Duración exigida.,Reglamento de prácticas,,No,Dato directo,,,,,,,,,,,
pregunta,P056,7. Prácticas profesionales,¿Cuándo puedo empezar mi práctica según mi avance?,Momento habilitado según créditos aprobados.,Reglamento de prácticas + Registro,,Si,Calculo determinista,,,,,,,,,,,
pregunta,P057,7. Prácticas profesionales,¿Cómo consigo y valido un centro de práctica?,Procedimiento de validación del centro.,Reglamento + Coordinación de prácticas,,No,Derivar a humano,,,,,,,,,,,
pregunta,P058,7. Prácticas profesionales,¿Qué documentos necesito para iniciar la práctica?,Checklist de documentación.,Reglamento de prácticas,,No,Dato directo,,,,,,,,,,,
pregunta,P059,7. Prácticas profesionales,¿La práctica tiene créditos y aparece en mi malla?,Créditos y ubicación de la práctica en la malla.,Malla curricular,,No,Dato directo,,,,,,,,,,,
pregunta,P060,7. Prácticas profesionales,¿A quién entrego el informe de práctica?,Responsable y canal de entrega.,Coordinación de prácticas,,No,Derivar a humano,,,,,,,,,,,
pregunta,P061,8. Titulación y egreso,¿Cuáles son los requisitos para titularme?,Requisitos de titulación de la carrera.,Reglamento de titulación,,No,Dato directo,,,,,,,,,,,
pregunta,P062,8. Titulación y egreso,¿Qué modalidades de titulación ofrece mi carrera?,Modalidades disponibles.,Reglamento de titulación,,No,Dato directo,,,,,,,,,,,
pregunta,P063,8. Titulación y egreso,¿Cuál es la diferencia entre egresar y titularse?,Distinción entre ambos estados.,Reglamento de titulación,,No,Dato directo,,,,,,,,,,,
pregunta,P064,8. Titulación y egreso,¿Necesito rendir un examen de inglés para egresar?,Requisito de idioma si aplica.,Reglamento + Requisito de idioma,,No,Dato directo,,,,,,,,,,,
pregunta,P065,8. Titulación y egreso,¿Necesito la práctica aprobada para dar el examen de título?,Relación entre práctica y examen de título.,Reglamento de titulación,,No,Dato directo,,,,,,,,,,,
pregunta,P066,8. Titulación y egreso,¿Cuánto demora el trámite de obtención del título?,Plazos estimados del trámite.,Secretaría Académica,,No,Derivar a humano,,,,,,,,,,,
pregunta,P067,8. Titulación y egreso,¿Qué pasa si egreso pero no me titulo dentro del plazo?,Consecuencias y opciones de reactivación.,Reglamento de titulación,,No,Dato directo,,,,,,,,,,,
pregunta,P068,8. Titulación y egreso,¿Ya cumplo los requisitos para egresar?,Verificación de requisitos de egreso del alumno.,Registro del alumno + Reglamento,,Si,Calculo determinista,,,,,,,,,,,
pregunta,P069,"9. Aranceles, becas y financiamiento",¿Cuánto es el arancel de mi carrera este año?,Valor de arancel vigente.,Tabla de aranceles,,No,Dato directo,,,,,,,,,,,
pregunta,P070,"9. Aranceles, becas y financiamiento","Tengo gratuidad, ¿qué pasa si me atraso en la carrera?",Efecto del atraso sobre la gratuidad.,Normativa de gratuidad,,No,Dato directo,,,,,,,,,,,
pregunta,P071,"9. Aranceles, becas y financiamiento",¿Qué pasa con mi beca si repruebo ramos?,Condiciones de mantención de la beca.,Reglamento de becas,,No,Dato directo,,,,,,,,,,,
pregunta,P072,"9. Aranceles, becas y financiamiento",¿Cómo pago la matrícula y en qué plazos?,Medios y calendario de pago.,Instructivo de pagos + Calendario,,No,Dato directo,,,,,,,,,,,
pregunta,P073,"9. Aranceles, becas y financiamiento",¿Puedo repactar una deuda de arancel?,Procedimiento de repactación; derivar a finanzas.,Finanzas estudiantiles,,No,Derivar a humano,,,,,,,,,,,
pregunta,P074,"9. Aranceles, becas y financiamiento",¿La gratuidad o beca cubre los ramos que tomo por segunda vez?,Cobertura sobre asignaturas repetidas.,Normativa de gratuidad/becas,,No,Dato directo,,,,,,,,,,,
pregunta,P075,"9. Aranceles, becas y financiamiento",¿Qué pasa con mi financiamiento si suspendo el semestre?,Efecto de la suspensión sobre beneficios.,Normativa de beneficios + Finanzas,,No,Derivar a humano,,,,,,,,,,,
pregunta,P076,10. Trámites y certificados,¿Cómo pido un certificado de alumno regular?,Procedimiento y canal de solicitud.,Instructivo de certificados,,No,Dato directo,,,,,,,,,,,
pregunta,P077,10. Trámites y certificados,¿Dónde descargo mi concentración de notas?,Ubicación y forma de obtención.,Sistema académico,,No,Dato directo,,,,,,,,,,,
pregunta,P078,10. Trámites y certificados,¿Cómo renuevo o solicito la TNE?,Procedimiento de gestión de la TNE.,Instructivo TNE / Bienestar,,No,Dato directo,,,,,,,,,,,
pregunta,P079,10. Trámites y certificados,¿Cómo obtengo un certificado de ranking o de avance?,Procedimiento de solicitud.,Instructivo de certificados,,No,Dato directo,,,,,,,,,,,
pregunta,P080,10. Trámites y certificados,¿Los certificados tienen costo y cuánto demoran?,Costos y plazos de emisión.,Instructivo de certificados,,No,Dato directo,,,,,,,,,,,
pregunta,P081,10. Trámites y certificados,¿Cómo actualizo mis datos personales en el sistema?,Procedimiento de actualización de datos.,Instructivo del sistema académico,,No,Dato directo,,,,,,,,,,,
pregunta,P082,"11. Suspensión, retiro y reincorporación",¿Cómo suspendo o congelo el semestre?,Procedimiento y plazos de suspensión.,Reglamento + Secretaría,,No,Derivar a humano,,,,,,,,,,,
pregunta,P083,"11. Suspensión, retiro y reincorporación",¿Hasta cuándo puedo retirar un ramo sin que quede reprobado?,Fecha límite de retiro de asignatura.,Calendario + Reglamento,,No,Dato directo,,,,,,,,,,,
pregunta,P084,"11. Suspensión, retiro y reincorporación",¿Cuántos semestres puedo estar suspendido?,Límite máximo de suspensión.,Reglamento académico,,No,Dato directo,,,,,,,,,,,
pregunta,P085,"11. Suspensión, retiro y reincorporación",¿Cómo me reincorporo después de una suspensión?,Procedimiento de reincorporación.,Reglamento + Secretaría,,No,Derivar a humano,,,,,,,,,,,
pregunta,P086,"11. Suspensión, retiro y reincorporación",¿Qué pasa con mi malla si estuve un año fuera?,Efecto de la ausencia sobre malla vigente.,Reglamento + Coordinación,,Si,Derivar a humano,,,,,,,,,,,
pregunta,P087,"11. Suspensión, retiro y reincorporación",¿El retiro o la suspensión afecta mi gratuidad o beca?,Impacto sobre beneficios.,Normativa de beneficios,,No,Derivar a humano,,,,,,,,,,,
pregunta,P088,"12. Convalidación, traslado y cambio de carrera",¿Cómo convalido ramos de otra universidad o carrera?,Procedimiento y criterios de convalidación.,Reglamento de convalidación,,No,Derivar a humano,,,,,,,,,,,
pregunta,P089,"12. Convalidación, traslado y cambio de carrera",¿Qué requisitos hay para cambiarme de carrera dentro de la U?,Requisitos del cambio interno.,Reglamento de cambio de carrera,,No,Dato directo,,,,,,,,,,,
pregunta,P090,"12. Convalidación, traslado y cambio de carrera",¿Se me convalidan ramos si me cambio de sede?,Criterios de equivalencia entre sedes.,Reglamento + Secretaría,,Si,Derivar a humano,,,,,,,,,,,
pregunta,P091,"12. Convalidación, traslado y cambio de carrera",¿Qué pasa con mi avance si me cambio de carrera?,Efecto del cambio sobre créditos y avance.,Tabla de equivalencias + Registro,,Si,Derivar a humano,,,,,,,,,,,
pregunta,P092,13. Movilidad e intercambio,¿Qué requisitos necesito para postular a intercambio?,Requisitos de postulación.,Reglamento de movilidad,,No,Dato directo,,,,,,,,,,,
pregunta,P093,13. Movilidad e intercambio,¿Los ramos del intercambio cuentan en mi malla?,Reconocimiento académico de la movilidad.,Reglamento de movilidad,,No,Dato directo,,,,,,,,,,,
pregunta,P094,13. Movilidad e intercambio,¿Qué promedio mínimo piden para movilidad estudiantil?,Requisito de promedio.,Reglamento de movilidad,,No,Dato directo,,,,,,,,,,,
pregunta,P095,13. Movilidad e intercambio,¿Cómo afecta un semestre de intercambio a mi avance?,Efecto de la movilidad sobre el avance.,Reglamento + Registro del alumno,,Si,Calculo determinista,,,,,,,,,,,
pregunta,P096,"14. Horarios, docentes y logística",¿A qué hora y en qué sala se dicta [X]?,Horario y sala de la asignatura.,Horarios del semestre,,No,Dato directo,,,,,,,,,,,
pregunta,P097,"14. Horarios, docentes y logística",¿Quién dicta la asignatura [X] este semestre?,Docente asignado.,Horarios del semestre,,No,Dato directo,,,,,,,,,,,
pregunta,P098,"14. Horarios, docentes y logística",¿Qué secciones hay disponibles de [X]?,Secciones y jornadas ofertadas.,Oferta del semestre,,No,Dato directo,,,,,,,,,,,
pregunta,P099,"14. Horarios, docentes y logística",¿Dónde veo mi horario del semestre?,Ubicación del horario personal.,Sistema académico,,Si,Dato directo,,,,,,,,,,,
pregunta,P100,"14. Horarios, docentes y logística",¿Cómo contacto a un profesor?,Canal de contacto docente.,Directorio / Coordinación,,No,Derivar a humano,,,,,,,,,,,
pregunta,P101,15. Servicios estudiantiles y apoyo,¿Dónde pido apoyo psicológico o de bienestar estudiantil?,Canal y procedimiento de apoyo.,Bienestar / DAE,,No,Derivar a humano,,,,,,,,,,,
pregunta,P102,15. Servicios estudiantiles y apoyo,¿Qué gestiona la Dirección de Asuntos Estudiantiles (DAE)?,Ámbito de gestión de la DAE.,Información institucional DAE,,No,Dato directo,,,,,,,,,,,
pregunta,P103,15. Servicios estudiantiles y apoyo,¿Hay tutorías o reforzamiento para ramos difíciles?,Oferta de tutorías disponibles.,Programa de apoyo académico,,No,Dato directo,,,,,,,,,,,
pregunta,P104,15. Servicios estudiantiles y apoyo,¿Cómo accedo a la biblioteca y a las bases de datos?,Acceso a recursos de biblioteca.,Información de biblioteca,,No,Dato directo,,,,,,,,,,,
pregunta,P105,15. Servicios estudiantiles y apoyo,¿A quién acudo si tengo un problema con un profesor?,Instancia adecuada para el conflicto.,Coordinación / Dirección de carrera,,No,Derivar a humano,,,,,,,,,,,
pregunta,P106,15. Servicios estudiantiles y apoyo,¿Hay apoyo para estudiantes con necesidades educativas especiales?,Programa de inclusión y su acceso.,Información de inclusión,,No,Derivar a humano,,,,,,,,,,,
pregunta,P107,16. Calendario académico,¿Cuándo parten y terminan las clases este semestre?,Fechas de inicio y término.,Calendario académico,,No,Dato directo,,,,,,,,,,,
pregunta,P108,16. Calendario académico,¿Cuándo son las semanas de evaluaciones o exámenes?,Períodos de evaluación.,Calendario académico,,No,Dato directo,,,,,,,,,,,
pregunta,P109,16. Calendario académico,¿Qué días son feriados o receso académico?,Días sin actividad académica.,Calendario académico,,No,Dato directo,,,,,,,,,,,
pregunta,P110,16. Calendario académico,¿Cuándo se publican las notas finales?,Fecha de cierre y publicación de notas.,Calendario académico,,No,Dato directo,,,,,,,,,,,
pregunta,P111,16. Calendario académico,¿Cuándo abre la inscripción de ramos de verano?,Fechas del proceso de verano.,Calendario académico,,No,Dato directo,,,,,,,,,,,
pregunta,P112,17. Meta y límites del bot,¿Esta información es oficial o solo referencial?,El bot declara el carácter referencial y remite a la fuente oficial.,Política del sistema,,No,Dato directo,,,,,,,,,,,
pregunta,P113,17. Meta y límites del bot,¿Con qué fecha están actualizados estos datos?,Fecha de la última actualización del corpus.,Metadato del corpus,,No,Dato directo,,,,,,,,,,,
pregunta,P114,17. Meta y límites del bot,¿Puedo usar tu respuesta como comprobante oficial?,El bot aclara que no reemplaza documentos oficiales.,Política del sistema,,No,Dato directo,,,,,,,,,,,
pregunta,P115,17. Meta y límites del bot,¿A quién consulto si no sabes la respuesta?,Derivación a la instancia humana correspondiente.,Directorio de contacto,,No,Derivar a humano,,,,,,,,,,,
pregunta,P116,17. Meta y límites del bot,¿Quién decide finalmente si puedo tomar un ramo con tope o excepción?,"El bot indica que la decisión es de la coordinación, no suya.",Política del sistema + Coordinación,,No,Derivar a humano,,,,,,,,,,,
pregunta,P117,17. Meta y límites del bot,"No encontré lo que buscaba, ¿qué hago?",Fallback: reformular o derivar a soporte humano.,Política del sistema,,No,Derivar a humano,,,,,,,,,,,
pregunta,P118,18. Bienestar emocional y salud mental académica,"Me siento muy mal por un ramo, ¿qué puedo hacer?","Contención inicial, identificar urgencia, sugerir hablar con docente/coordinación y derivar a Bienestar/DAE si hay afectación emocional.",Bienestar / DAE + Reglamento académico + Coordinación,"R03,R09",Si,Contencion y derivacion,,,,,,,,,,,
pregunta,P119,18. Bienestar emocional y salud mental académica,"Estoy colapsado con la universidad y no sé si seguir, ¿con quién hablo?",Orientar a apoyo psicológico/orientación estudiantil y sugerir revisar alternativas académicas sin tomar decisiones impulsivas.,Bienestar / DAE + Coordinación de carrera,"R03,R09",Si,Contencion y derivacion,,,,,,,,,,,
pregunta,P120,18. Bienestar emocional y salud mental académica,"Me está dando ansiedad por una prueba, ¿la universidad tiene apoyo?","Indicar canales de apoyo psicológico, tutorías y recomendaciones inmediatas de organización académica.",Bienestar / DAE + Programa de apoyo académico,"R03,R09",No,Contencion y derivacion,,,,,,,,,,,
pregunta,P121,18. Bienestar emocional y salud mental académica,"No he podido estudiar por problemas personales, ¿puedo pedir ayuda?","Explicar opciones de apoyo, justificación si corresponde y derivación a bienestar/coordinación.",Bienestar / DAE + Reglamento académico,"R03,R09",Si,Derivar a humano,,,,,,,,,,,
pregunta,P122,18. Bienestar emocional y salud mental académica,"Estoy pasando por un mal momento y voy mal en varios ramos, ¿qué hago primero?","Priorizar contención, diagnóstico académico básico, ramos críticos y contacto con apoyo institucional.",Registro del alumno + Bienestar + Coordinación,"R03,R09",Si,Recomendacion (regla),,,,,,,,,,,
pregunta,P123,18. Bienestar emocional y salud mental académica,"Siento que no doy más con la carga académica, ¿boto un ramo o sigo?","Comparar escenarios: retirar, bajar carga, pedir apoyo, revisar plazos y efectos académicos/financieros.",Calendario + Reglamento + Registro del alumno,"R03,R09",Si,Recomendacion (regla),,,,,,,,,,,
pregunta,P124,18. Bienestar emocional y salud mental académica,"Me fue mal y me siento frustrado, ¿puedo recuperar el semestre?","Responder con plan de recuperación, cálculo de notas restantes y derivación si hay malestar persistente.",Registro de notas + Programa de asignatura + Bienestar,"R03,R09",Si,Calculo determinista,,,,,,,,,,,
pregunta,P125,18. Bienestar emocional y salud mental académica,"Tengo miedo de hablar con el profesor porque voy mal, ¿cómo lo hago?","Sugerir mensaje formal, pedir retroalimentación y proponer reunión breve con foco en acciones concretas.",Buenas prácticas de comunicación + Docente,"R03,R09",No,Plantilla de comunicación,,,,,,,,,,,
pregunta,P126,18. Bienestar emocional y salud mental académica,"Estoy desmotivado y siento que elegí mal la carrera, ¿me pueden orientar?","Derivar a orientación vocacional/DAE y sugerir revisar rendimiento, intereses y carga antes de decidir.",Bienestar / DAE + Orientación académica,"R03,R09",Si,Contencion y derivacion,,,,,,,,,,,
pregunta,P127,18. Bienestar emocional y salud mental académica,"La universidad me tiene sobrepasado, ¿hay alguien que me pueda escuchar?","Entregar canales de bienestar estudiantil y recomendar pedir apoyo temprano; si hay urgencia, indicar canal crítico.",Bienestar / DAE + Recursos verificados (hoja Recursos_verificados),"R03,R09",No,Contencion y derivacion,,,,,,,,,,,
pregunta,P128,18. Bienestar emocional y salud mental académica,"No puedo dormir por las evaluaciones, ¿esto se puede informar?",Orientar a apoyo psicológico y explicar si procede informar a coordinación/docente cuando afecta evaluaciones.,Bienestar / DAE + Reglamento académico,"R03,R09",Si,Derivar a humano,,,,,,,,,,,
pregunta,P129,18. Bienestar emocional y salud mental académica,"Me siento muy angustiado antes del examen, ¿puedo pedir alguna alternativa?",Distinguir apoyo emocional de modificación académica; indicar que cualquier alternativa requiere documentación y autorización.,Reglamento + Bienestar + Coordinación,"R03,R09",Si,Derivar a humano,,,,,,,,,,,
pregunta,P130,19. Crisis académica y plan de recuperación,"Voy reprobando dos ramos, ¿cuál intento salvar primero?","Priorizar según nota necesaria, ponderaciones restantes, prerrequisitos y riesgo de atraso.",Notas + Programa de asignatura + Malla,"R09,R14",Si,Recomendacion (regla),,,,,,,,,,,
pregunta,P131,19. Crisis académica y plan de recuperación,"Estoy mal en todo, ¿me puedes ordenar qué hacer esta semana?","Plan de acción semanal: revisar notas, fechas, ramos críticos, contactar docentes y buscar apoyo.",Registro académico + Calendario + Programas,"R09,R14",Si,Recomendacion (regla),,,,,,,,,,,
pregunta,P132,19. Crisis académica y plan de recuperación,¿Todavía puedo salvar el ramo o ya no conviene seguir intentando?,Calcular escenarios de aprobación y comparar con retiro/segunda oportunidad según plazos.,Notas + Ponderaciones + Calendario académico,"R09,R14",Si,Calculo determinista,,,,,,,,,,,
pregunta,P133,19. Crisis académica y plan de recuperación,"Si tengo poco tiempo, ¿qué evaluación debería preparar primero?","Priorizar por ponderación, fecha, nota necesaria y efecto en aprobación.",Calendario de evaluaciones + Notas,"R09,R14",Si,Recomendacion (regla),,,,,,,,,,,
pregunta,P134,19. Crisis académica y plan de recuperación,¿Me conviene retirar el ramo antes de reprobarlo?,"Comparar impacto en promedio, avance, beneficios y prerequisitos; derivar para confirmación oficial.",Reglamento + Calendario + Registro del alumno,"R09,R14",Si,Recomendacion (regla),,,,,,,,,,,
pregunta,P135,19. Crisis académica y plan de recuperación,¿Qué pasa si dejo de ir a un ramo que ya doy por perdido?,"Explicar riesgos de abandono, asistencia, reprobación, promedio y alternativas formales.",Reglamento académico + Asistencia,"R09,R14",Si,Dato directo,,,,,,,,,,,
pregunta,P136,19. Crisis académica y plan de recuperación,"Tengo tres pruebas seguidas y estoy atrasado, ¿cómo priorizo?","Ordenar por urgencia, ponderación, dificultad, nota mínima y consecuencias de reprobar.",Calendario + Programas de asignatura + Notas,"R09,R14",Si,Recomendacion (regla),,,,,,,,,,,
pregunta,P137,19. Crisis académica y plan de recuperación,¿Qué hago si estoy al límite de asistencia y además voy mal de nota?,Combinar diagnóstico de asistencia y nota; sugerir acciones inmediatas y contacto institucional.,Asistencia + Notas + Reglamento,"R09,R14",Si,Calculo determinista,,,,,,,,,,,
pregunta,P138,19. Crisis académica y plan de recuperación,¿Puedo pedir una reunión para armar un plan de recuperación del semestre?,"Indicar a quién solicitar reunión, qué datos llevar y cómo formular el objetivo.",Coordinación + Docente + Registro académico,"R09,R14",No,Plantilla de comunicación,,,,,,,,,,,
pregunta,P139,19. Crisis académica y plan de recuperación,"¿Qué decisión me atrasa menos: botar un ramo, reprobarlo o congelar?","Comparar escenarios académicos, financieros y de beneficios; recomendar validar con coordinación.",Malla + Registro + Reglamento + Beneficios,"R09,R14",Si,Recomendacion (regla),,,,,,,,,,,
pregunta,P140,19. Crisis académica y plan de recuperación,"Voy a reprobar por primera vez, ¿qué consecuencias reales tiene?","Explicar impacto en promedio, malla, repetición, beneficios y próximos pasos.",Reglamento + Malla + Registro,"R09,R14",Si,Calculo determinista,,,,,,,,,,,
pregunta,P141,19. Crisis académica y plan de recuperación,¿Cómo recupero el semestre si partí mal pero aún quedan evaluaciones?,"Calcular nota requerida, ordenar evaluaciones pendientes y proponer plan de estudio realista.",Notas + Ponderaciones + Calendario,"R09,R14",Si,Calculo determinista,,,,,,,,,,,
pregunta,P142,"20. Reclamos, notas y recorrección","Creo que mi prueba está mal corregida, ¿qué hago?","Explicar procedimiento de revisión/recorrección, plazos, evidencia y tono de solicitud.",Reglamento + Docente + Programa de asignatura,,Si,Derivar a humano,,,,,,,,,,,
pregunta,P143,"20. Reclamos, notas y recorrección",¿Cómo reclamo una nota sin quedar como conflictivo?,Generar mensaje formal y respetuoso solicitando revisión con argumentos concretos.,Buenas prácticas de comunicación + Reglamento,"R16,R17",No,Plantilla de comunicación,,,,,,,,,,,
pregunta,P144,"20. Reclamos, notas y recorrección","El profesor no ha subido la nota y ya pasó mucho tiempo, ¿a quién escribo?","Indicar canal progresivo: docente, coordinación y secretaría según plazos oficiales.",Calendario + Docente + Coordinación,,No,Derivar a humano,,,,,,,,,,,
pregunta,P145,"20. Reclamos, notas y recorrección","Mi nota final no coincide con las ponderaciones, ¿puedes revisarla?",Calcular nota final según ponderaciones y detectar diferencias para consulta formal.,Notas + Programa de asignatura,,Si,Calculo determinista,,,,,,,,,,,
pregunta,P146,"20. Reclamos, notas y recorrección","Me pusieron ausente en una evaluación aunque avisé, ¿puedo reclamar?","Orientar revisión con respaldo, licencia/correo y canal de solicitud.",Reglamento + Evidencias del alumno + Docente,"R16,R17",Si,Derivar a humano,,,,,,,,,,,
pregunta,P147,"20. Reclamos, notas y recorrección",¿Puedo pedir segunda corrección si no estoy de acuerdo con la primera?,"Indicar si el reglamento contempla recorrección, plazos y quién resuelve.",Reglamento académico,,No,Dato directo,,,,,,,,,,,
pregunta,P148,"20. Reclamos, notas y recorrección","El profesor cambió la pauta después de la prueba, ¿eso se puede?",Explicar revisión contra programa/pauta oficial y sugerir escalar con evidencia si corresponde.,Programa de asignatura + Reglamento + Coordinación,,No,Derivar a humano,,,,,,,,,,,
pregunta,P149,"20. Reclamos, notas y recorrección",¿Qué evidencia necesito para reclamar una nota?,"Checklist: prueba, pauta, correos, programa, cálculo, fechas y argumento preciso.",Reglamento + Programa de asignatura,"R16,R17",No,Dato directo,,,,,,,,,,,
pregunta,P150,"20. Reclamos, notas y recorrección","No entiendo por qué me bajaron puntos en el informe, ¿puedo pedir feedback?",Sugerir solicitud de retroalimentación y revisión de rúbrica.,Rúbrica + Docente,,Si,Plantilla de comunicación,,,,,,,,,,,
pregunta,P151,"20. Reclamos, notas y recorrección","El sistema muestra una nota distinta a la que dijo el profesor, ¿qué hago?","Verificar fuente oficial, pedir confirmación al docente y escalar si no se corrige.",Sistema académico + Docente + Secretaría,,Si,Derivar a humano,,,,,,,,,,,
pregunta,P152,"20. Reclamos, notas y recorrección",¿Puedo reclamar si la evaluación tenía materia que no se vio en clases?,"Orientar revisión de programa, contenidos declarados y canal formal.",Programa de asignatura + Syllabus + Reglamento,"R16,R17",No,Derivar a humano,,,,,,,,,,,
pregunta,P153,"20. Reclamos, notas y recorrección","Necesito pedir revisión de mis informes y examen, ¿cómo redacto el correo?","Entregar plantilla breve, formal y orientada a mejora académica.",Buenas prácticas de comunicación,,No,Plantilla de comunicación,,,,,,,,,,,
pregunta,P154,21. Problemas con docentes y comunicación,"El profesor no responde mis correos, ¿qué hago?","Sugerir reenvío respetuoso, esperar plazo razonable y luego contactar coordinación.",Directorio docente + Coordinación,,No,Derivar a humano,,,,,,,,,,,
pregunta,P155,21. Problemas con docentes y comunicación,"No me atrevo a pedir ayuda al profesor, ¿me ayudas a escribirle?","Generar mensaje claro: situación, solicitud concreta y disponibilidad.",Buenas prácticas de comunicación,,No,Plantilla de comunicación,,,,,,,,,,,
pregunta,P156,21. Problemas con docentes y comunicación,¿Cómo le digo al profesor que estoy complicado sin sonar irresponsable?,"Redactar mensaje honesto, breve, con propuesta de acción y sin exigir trato especial.",Buenas prácticas de comunicación,,No,Plantilla de comunicación,,,,,,,,,,,
pregunta,P157,21. Problemas con docentes y comunicación,"Siento que el profesor me tiene mala, ¿a quién puedo acudir?","Orientar a registrar hechos concretos, buscar conversación formal y escalar a coordinación si procede.",Coordinación + Reglamento de convivencia,,Si,Derivar a humano,,,,,,,,,,,
pregunta,P158,21. Problemas con docentes y comunicación,"El profesor explica muy rápido y no entiendo, ¿puedo pedir apoyo?","Derivar a tutorías, material complementario y consulta docente.",Programa de apoyo académico + Docente,,No,Dato directo,,,,,,,,,,,
pregunta,P159,21. Problemas con docentes y comunicación,¿Puedo pedir una reunión con coordinación por problemas en un ramo?,"Indicar cuándo corresponde, cómo solicitarla y qué antecedentes llevar.",Coordinación de carrera,,No,Derivar a humano,,,,,,,,,,,
pregunta,P160,21. Problemas con docentes y comunicación,"El docente no entregó pauta ni rúbrica, ¿eso se puede reclamar?",Revisar si el programa exige pauta/rúbrica y sugerir solicitud formal.,Programa de asignatura + Reglamento,"R16,R17",No,Derivar a humano,,,,,,,,,,,
pregunta,P161,21. Problemas con docentes y comunicación,¿Cómo pido una oportunidad extra sin exigirla?,"Redactar solicitud prudente, reconociendo reglas y pidiendo orientación.",Buenas prácticas de comunicación + Reglamento,,No,Plantilla de comunicación,,,,,,,,,,,
pregunta,P162,21. Problemas con docentes y comunicación,"El profesor me dijo una cosa en clases y otra aparece en el sistema, ¿qué vale?",Explicar prioridad de fuentes oficiales y recomendar pedir confirmación escrita.,Sistema académico + Programa + Docente,,No,Dato directo,,,,,,,,,,,
pregunta,P163,21. Problemas con docentes y comunicación,¿A quién copio en un correo si es un tema de nota o feedback?,"Sugerir destinatarios según caso: docente primero, ayudante si corresponde, coordinación solo si escala.",Directorio + Buenas prácticas de comunicación,,No,Recomendacion (regla),,,,,,,,,,,
pregunta,P164,22. Conflictos de grupo y trabajos colaborativos,"Mi grupo no hizo nada y me están perjudicando, ¿qué hago?","Orientar a documentar aportes, conversar con el grupo y avisar al docente antes de la entrega.",Rúbrica + Docente + Evidencias del alumno,,Si,Derivar a humano,,,,,,,,,,,
pregunta,P165,22. Conflictos de grupo y trabajos colaborativos,¿Puedo pedir evaluación individual si mi grupo no trabaja?,Indicar que depende de rúbrica/docente y sugerir presentar evidencias concretas.,Rúbrica + Programa de asignatura + Docente,,Si,Derivar a humano,,,,,,,,,,,
pregunta,P166,22. Conflictos de grupo y trabajos colaborativos,"Un compañero no aparece y falta poco para entregar, ¿lo saco del grupo?",Explicar que la decisión debe pasar por el docente; sugerir registro de participación.,Docente + Rúbrica + Reglamento,,Si,Derivar a humano,,,,,,,,,,,
pregunta,P167,22. Conflictos de grupo y trabajos colaborativos,¿Cómo aviso que hice la mayor parte del trabajo sin sonar pesado?,"Redactar mensaje factual, con distribución de tareas y solicitud de orientación.",Buenas prácticas de comunicación + Evidencias,,No,Plantilla de comunicación,,,,,,,,,,,
pregunta,P168,22. Conflictos de grupo y trabajos colaborativos,"Tengo problemas con mi equipo de trabajo, ¿puedo cambiarme de grupo?","Indicar condiciones, plazos y autorización docente.",Docente + Programa de asignatura,,Si,Derivar a humano,,,,,,,,,,,
pregunta,P169,22. Conflictos de grupo y trabajos colaborativos,"Mi grupo quiere entregar algo malo y yo no estoy de acuerdo, ¿qué hago?","Sugerir dejar observaciones, proponer mejoras y consultar al docente si hay riesgo evaluativo.",Rúbrica + Docente,,Si,Recomendacion (regla),,,,,,,,,,,
pregunta,P170,22. Conflictos de grupo y trabajos colaborativos,¿Qué hago si me dejaron fuera del informe final?,"Recomendar reunir evidencia, contactar al grupo y docente, y no esperar al cierre de notas.",Evidencias del alumno + Docente,,Si,Derivar a humano,,,,,,,,,,,
pregunta,P171,22. Conflictos de grupo y trabajos colaborativos,"Un compañero copió parte del trabajo, ¿me puede afectar?",Explicar riesgo de integridad académica y sugerir informar/regularizar antes de entregar.,Reglamento de integridad académica + Docente,,Si,Derivar a humano,,,,,,,,,,,
pregunta,P172,22. Conflictos de grupo y trabajos colaborativos,¿Cómo demuestro mi aporte en un trabajo grupal?,"Sugerir bitácora, historial de archivos, mensajes, tareas y versión final.",Evidencias del alumno + Rúbrica,,No,Dato directo,,,,,,,,,,,
pregunta,P173,22. Conflictos de grupo y trabajos colaborativos,"Me da miedo denunciar que mi grupo no trabaja, ¿qué alternativa tengo?","Proponer comunicación cuidadosa con docente y enfoque en buscar solución, no castigo.",Docente + Bienestar / DAE,"R09,R15,R16",Si,Contencion y derivacion,,,,,,,,,,,
pregunta,P174,"23. Asistencia, licencias y evaluaciones perdidas","Tengo licencia médica y falté a una prueba, ¿qué hago ahora?","Indicar procedimiento de justificación, plazo, documentos y solicitud de recuperativa si corresponde.",Reglamento + Secretaría + Docente,,Si,Derivar a humano,,,,,,,,,,,
pregunta,P175,"23. Asistencia, licencias y evaluaciones perdidas","Me enfermé el día de la evaluación, ¿todavía puedo justificar?",Revisar plazo reglamentario y documentos requeridos; derivar a secretaría/docente.,Reglamento académico + Calendario,,Si,Derivar a humano,,,,,,,,,,,
pregunta,P176,"23. Asistencia, licencias y evaluaciones perdidas","No pude ir por una crisis personal, ¿sirve como justificación?",Explicar que depende de documentación y evaluación institucional; derivar a bienestar/coordinación.,Reglamento + Bienestar / DAE + Secretaría,,Si,Derivar a humano,,,,,,,,,,,
pregunta,P177,"23. Asistencia, licencias y evaluaciones perdidas","El QR no me tomó la asistencia, ¿cómo lo soluciono?",Indicar revisión con docente/secretaría y evidencia de presencia si existe.,Sistema de asistencia + Docente,,Si,Derivar a humano,,,,,,,,,,,
pregunta,P178,"23. Asistencia, licencias y evaluaciones perdidas","Aparezco ausente pero sí estuve en clases, ¿puedo pedir corrección?",Procedimiento de revisión del registro y antecedentes necesarios.,Sistema de asistencia + Docente,,Si,Derivar a humano,,,,,,,,,,,
pregunta,P179,"23. Asistencia, licencias y evaluaciones perdidas","Estoy bajo el mínimo de asistencia por problemas de salud, ¿qué opciones tengo?","Explicar riesgos, revisar justificativos y derivar a coordinación/bienestar para evaluación del caso.",Asistencia + Reglamento + Bienestar,,Si,Derivar a humano,,,,,,,,,,,
pregunta,P180,"23. Asistencia, licencias y evaluaciones perdidas",¿Una licencia médica borra la ausencia o solo la justifica?,"Explicar diferencia entre ausencia registrada, justificación y efectos según reglamento.",Reglamento académico + Sistema de asistencia,,No,Dato directo,,,,,,,,,,,
pregunta,P181,"23. Asistencia, licencias y evaluaciones perdidas",¿Puedo rendir una prueba recuperativa si falté por fuerza mayor?,"Indicar condiciones, documentación, plazos y autorización docente/coordinación.",Reglamento académico + Docente,,Si,Derivar a humano,,,,,,,,,,,
pregunta,P182,"23. Asistencia, licencias y evaluaciones perdidas","Llegué tarde y me marcaron ausente, ¿se puede corregir?",Explicar regla de atraso/asistencia y canal de revisión.,Reglamento + Docente + Sistema de asistencia,,Si,Derivar a humano,,,,,,,,,,,
pregunta,P183,"23. Asistencia, licencias y evaluaciones perdidas",¿Qué pasa si no justifico una inasistencia a solemne dentro del plazo?,Explicar consecuencia reglamentaria y alternativas limitadas.,Reglamento académico,,No,Dato directo,,,,,,,,,,,
pregunta,P184,"24. Inclusión, adecuaciones y condiciones de salud","Tengo una condición médica, ¿puedo pedir adecuaciones académicas?","Indicar programa/unidad de inclusión, documentación y evaluación caso a caso.",Inclusión + Bienestar / DAE + Reglamento,,Si,Derivar a humano,,,,,,,,,,,
pregunta,P185,"24. Inclusión, adecuaciones y condiciones de salud",¿A quién informo si mi salud afecta mis evaluaciones?,"Sugerir canal formal: bienestar/inclusión/coordinación, no solo conversación informal.",Bienestar / DAE + Inclusión + Coordinación,,Si,Derivar a humano,,,,,,,,,,,
pregunta,P186,"24. Inclusión, adecuaciones y condiciones de salud",¿Puedo pedir más tiempo en una prueba por una condición diagnosticada?,Explicar que requiere evaluación formal y autorización institucional.,Programa de inclusión + Reglamento académico,,Si,Derivar a humano,,,,,,,,,,,
pregunta,P187,"24. Inclusión, adecuaciones y condiciones de salud","Tengo crisis de salud recurrentes, ¿cómo evito reprobar por asistencia?","Orientar a documentar, avisar formalmente y revisar alternativas con coordinación/bienestar.",Bienestar + Asistencia + Reglamento,,Si,Derivar a humano,,,,,,,,,,,
pregunta,P188,"24. Inclusión, adecuaciones y condiciones de salud",¿Qué documentos necesito para solicitar apoyo por salud?,"Checklist general: certificado, diagnóstico si corresponde, informe profesional y solicitud formal.",Bienestar / DAE + Inclusión,,No,Dato directo,,,,,,,,,,,
pregunta,P189,"24. Inclusión, adecuaciones y condiciones de salud","No quiero contar detalles médicos al profesor, ¿hay otra vía?",Indicar canales confidenciales institucionales y comunicación mínima necesaria al docente.,Bienestar / DAE + Inclusión + Política de privacidad,R09,Si,Contencion y derivacion,,,,,,,,,,,
pregunta,P190,"24. Inclusión, adecuaciones y condiciones de salud",¿La universidad puede adaptar evaluaciones si tengo una situación de salud?,Explicar condiciones de adecuación razonable y proceso formal.,Reglamento + Inclusión,,No,Dato directo,,,,,,,,,,,
pregunta,P191,"24. Inclusión, adecuaciones y condiciones de salud","Tengo tratamiento médico y topa con clases, ¿puedo pedir flexibilidad?",Derivar a coordinación/bienestar con documentación y revisar impacto de asistencia.,Bienestar + Coordinación + Horario,,Si,Derivar a humano,,,,,,,,,,,
pregunta,P192,"24. Inclusión, adecuaciones y condiciones de salud",¿Puedo congelar por motivos de salud sin afectar tanto mi carrera?,"Comparar suspensión por salud, plazos, beneficios y retorno; derivar a unidad oficial.",Reglamento + Beneficios + Bienestar,,Si,Derivar a humano,,,,,,,,,,,
pregunta,P193,"24. Inclusión, adecuaciones y condiciones de salud","Me da vergüenza pedir apoyo por mi condición, ¿cómo empiezo?","Contención, normalizar solicitud de ayuda y entregar primer mensaje/canal de contacto.",Bienestar / DAE + Inclusión,R09,Si,Contencion y derivacion,,,,,,,,,,,
pregunta,P194,"25. Convivencia, discriminación y seguridad universitaria","Me están molestando en clases, ¿a quién puedo acudir?","Indicar canales de convivencia/bienestar, registrar hechos y pedir apoyo institucional.",Reglamento de convivencia + Bienestar / DAE,"R09,R15,R16",Si,Derivar a humano,,,,,,,,,,,
pregunta,P195,"25. Convivencia, discriminación y seguridad universitaria","Siento que me discriminan en un ramo, ¿qué hago?","Orientar a documentar hechos, buscar apoyo y activar canal formal de convivencia/inclusión.",Reglamento de convivencia + Inclusión + DAE,"R09,R15,R16",Si,Derivar a humano,,,,,,,,,,,
pregunta,P196,"25. Convivencia, discriminación y seguridad universitaria","Un compañero me hostiga por mensajes, ¿la universidad puede intervenir?",Explicar canales de denuncia/acompañamiento si afecta convivencia universitaria.,Reglamento de convivencia + DAE,"R09,R15,R16",Si,Derivar a humano,,,,,,,,,,,
pregunta,P197,"25. Convivencia, discriminación y seguridad universitaria","No me siento seguro en una clase, ¿qué puedo hacer?","Priorizar seguridad, contacto con coordinación/DAE y canales urgentes si hay riesgo inmediato.",DAE + Seguridad + Protocolo institucional,"R09,R15,R16",Si,Derivar a humano,,,,,,,,,,,
pregunta,P198,"25. Convivencia, discriminación y seguridad universitaria",¿Cómo reporto una situación de acoso o maltrato?,"Indicar canal formal, confidencialidad, antecedentes y apoyo disponible.",Protocolo institucional + DAE,"R09,R15,R16",No,Derivar a humano,,,,,,,,,,,
pregunta,P199,"25. Convivencia, discriminación y seguridad universitaria","Tengo miedo de denunciar porque puede afectar mis notas, ¿qué hago?","Contener, explicar canales formales y recomendar apoyo institucional confidencial.",DAE + Reglamento de convivencia,"R09,R15,R16",Si,Contencion y derivacion,,,,,,,,,,,
pregunta,P200,"25. Convivencia, discriminación y seguridad universitaria",¿Qué evidencia sirve para reportar un maltrato académico?,"Checklist: fechas, correos, mensajes, testigos, evaluaciones y relato objetivo.",Reglamento de convivencia + Evidencias del alumno,"R09,R15,R16",No,Dato directo,,,,,,,,,,,
pregunta,P201,"25. Convivencia, discriminación y seguridad universitaria",¿Puedo pedir cambiarme de sección por un problema de convivencia?,Indicar posibilidad sujeta a cupos y evaluación de coordinación.,Coordinación + Oferta de secciones + DAE,"R09,R15,R16",Si,Derivar a humano,,,,,,,,,,,
pregunta,P202,"26. Orientación vocacional, permanencia y cambio de rumbo","Siento que esta carrera no es para mí, ¿qué debería revisar antes de cambiarme?","Guiar reflexión: causas, ramos, carga, intereses, empleabilidad y orientación vocacional.",Orientación vocacional + Registro académico,,Si,Recomendacion (regla),,,,,,,,,,,
pregunta,P203,"26. Orientación vocacional, permanencia y cambio de rumbo",¿Cómo sé si estoy agotado o si realmente debo cambiarme de carrera?,Preguntas guía y derivación a orientación/bienestar para decisión acompañada.,Bienestar / DAE + Orientación vocacional,R09,Si,Contencion y derivacion,,,,,,,,,,,
pregunta,P204,"26. Orientación vocacional, permanencia y cambio de rumbo",¿Me conviene seguir con menos ramos en vez de congelar?,"Comparar carga reducida, suspensión, avance, costos y beneficios.",Registro + Reglamento + Beneficios,,Si,Recomendacion (regla),,,,,,,,,,,
pregunta,P205,"26. Orientación vocacional, permanencia y cambio de rumbo","Estoy pensando en abandonar la universidad, ¿con quién debería hablar antes?","Derivar a coordinación, bienestar y orientación vocacional; sugerir revisar alternativas formales.",Bienestar + Coordinación + Orientación,R09,Si,Contencion y derivacion,,,,,,,,,,,
pregunta,P206,"26. Orientación vocacional, permanencia y cambio de rumbo",¿Qué pasa con mis ramos aprobados si me cambio de carrera?,Explicar equivalencias/convalidación y necesidad de evaluación formal.,Tabla de equivalencias + Registro + Secretaría,,Si,Derivar a humano,,,,,,,,,,,
pregunta,P207,"26. Orientación vocacional, permanencia y cambio de rumbo",¿Puedo bajar la carga académica para recuperar motivación?,"Indicar condiciones de carga mínima, impacto en avance y beneficios.",Reglamento + Beneficios + Registro,,Si,Recomendacion (regla),,,,,,,,,,,
pregunta,P208,"26. Orientación vocacional, permanencia y cambio de rumbo","Estoy atrasado y me da vergüenza, ¿todavía tiene sentido seguir?","Contención, análisis de avance real y opciones de continuidad sin juicio.",Registro académico + Bienestar + Coordinación,R09,Si,Contencion y derivacion,,,,,,,,,,,
pregunta,P209,"26. Orientación vocacional, permanencia y cambio de rumbo",¿Qué opciones tengo si ya no quiero seguir este semestre?,"Explicar retiro de ramos, suspensión, apoyo, plazos y efectos.",Calendario + Reglamento + Bienestar,,Si,Derivar a humano,,,,,,,,,,,
pregunta,P210,"27. Casos sensibles, urgentes y límites del chatbot","Estoy muy mal y necesito ayuda ahora, ¿qué hago?","Responder con contención breve, sugerir contactar apoyo de emergencia/persona de confianza y canal institucional inmediato.",Recursos verificados (hoja Recursos_verificados) + Bienestar / DAE,"R01,R02,R09,R19",Si,Contencion y derivacion urgente,,,,,,,,,,,
pregunta,P211,"27. Casos sensibles, urgentes y límites del chatbot","No sé si puedo seguir con esto, ¿me puedes ayudar?","Contención, identificar urgencia, recomendar apoyo humano inmediato y no resolver solo con trámite académico.",Recursos verificados (hoja Recursos_verificados) + Bienestar / DAE,"R01,R02,R09,R19",Si,Contencion y derivacion urgente,,,,,,,,,,,
pregunta,P212,"27. Casos sensibles, urgentes y límites del chatbot",¿Puedes decidir por mí si congelo o abandono?,Aclarar límite: no decide por el alumno; entrega escenarios y deriva para acompañamiento.,Política del sistema + Reglamento + Bienestar,"R09,R19",Si,Meta y límites,,,,,,,,,,,
pregunta,P213,"27. Casos sensibles, urgentes y límites del chatbot",¿Tu respuesta sirve como autorización para faltar o rendir otra prueba?,Aclarar que no es autorización oficial; indicar trámite correspondiente.,Política del sistema + Reglamento,"R09,R19",No,Dato directo,,,,,,,,,,,
pregunta,P214,"27. Casos sensibles, urgentes y límites del chatbot","Necesito hablar con una persona, no con un bot, ¿a quién me mandas?","Derivar a la unidad correcta según caso: bienestar, coordinación, secretaría, finanzas o docente.",Directorio institucional,"R09,R19",No,Derivar a humano,,,,,,,,,,,
pregunta,P215,"27. Casos sensibles, urgentes y límites del chatbot",¿Qué hago si el bot no entiende mi problema académico?,Pedir reformulación con datos mínimos y ofrecer derivación humana.,Política del sistema,"R09,R19",No,Dato directo,,,,,,,,,,,
pregunta,P216,"27. Casos sensibles, urgentes y límites del chatbot",¿Puedes guardar mi información de salud o notas?,Explicar política de privacidad/datos y límite de uso según sistema implementado.,Política de privacidad del sistema,"R09,R19",No,Meta y límites,,,,,,,,,,,
pregunta,P217,"27. Casos sensibles, urgentes y límites del chatbot","Tengo un problema urgente con una evaluación de hoy, ¿qué hago primero?","Priorizar contacto con docente/secretaría, evidencia y registro formal inmediato.",Calendario + Docente + Secretaría,"R09,R19",Si,Recomendacion (regla),,,,,,,,,,,
pregunta,P218,"28. Duelo, calamidad y fuerza mayor","Falleció un familiar cercano y no estoy en condiciones de rendir, ¿qué hago?","Ruta de justificación por calamidad/fuerza mayor vía Trabajo Social DAE, más contención emocional.",Trabajo Social DAE + Reglamento académico + Recursos verificados (hoja Recursos_verificados),"R09,R12,R13",Si,Contencion y derivacion,,,,,,,,,,,
pregunta,P219,"28. Duelo, calamidad y fuerza mayor","Tengo una calamidad doméstica grave, ¿la universidad la considera para mis evaluaciones?",Existencia de la figura de fuerza mayor/calamidad y a quién acudir (Trabajo Social DAE).,Trabajo Social DAE + Reglamento académico,"R09,R12,R13",Si,Derivar a humano,,,,,,,,,,,
pregunta,P220,"28. Duelo, calamidad y fuerza mayor","Estoy en duelo y no logro concentrarme en nada, ¿hay apoyo emocional?",Derivación al apoyo psicológico gratuito y confidencial de Bienestar Estudiantil.,Bienestar Estudiantil UDLA + Recursos verificados (hoja Recursos_verificados),"R09,R12,R13",No,Contencion y derivacion,,,,,,,,,,,
pregunta,P221,"28. Duelo, calamidad y fuerza mayor","Un problema de salud grave en mi familia me tiene sobrepasado, ¿qué apoyos existen?",Trabajo Social (salud/vulnerabilidad) y apoyo psicológico de Bienestar.,Trabajo Social DAE + Bienestar Estudiantil UDLA,"R09,R12,R13",No,Contencion y derivacion,,,,,,,,,,,
pregunta,P222,"29. Trabajo, tiempo y vida fuera de la U","Trabajo y estudio al mismo tiempo y ya no doy abasto, ¿qué opciones tengo?",Opciones de carga/jornada y orientación; derivar a Coordinación y Trabajo Social.,Reglamento de carga + Coordinación + Trabajo Social DAE,"R09,R12",Si,Recomendacion (regla),,,,,,,,,,,
pregunta,P223,"29. Trabajo, tiempo y vida fuera de la U","Mi horario de trabajo choca con el de clases, ¿puedo hacer algo?",Alternativas de sección/jornada; se resuelve con Coordinación de carrera.,Oferta de secciones + Coordinación de carrera,"R09,R12",No,Derivar a humano,,,,,,,,,,,
pregunta,P224,"29. Trabajo, tiempo y vida fuera de la U","Soy el sostén económico de mi casa y me cuesta seguir, ¿hay apoyo?","Apoyo socioeconómico (Trabajo Social, becas, convenios) más contención.",Trabajo Social DAE + Sistema de becas + Recursos verificados (hoja Recursos_verificados),"R09,R12",No,Contencion y derivacion,,,,,,,,,,,
pregunta,P225,"29. Trabajo, tiempo y vida fuera de la U","Vivo lejos y los traslados me están agotando, ¿esto se puede conversar con alguien?",Orientación de Bienestar sobre permanencia y autocuidado.,Bienestar Estudiantil UDLA,"R09,R12",No,Derivar a humano,,,,,,,,,,,
pregunta,P226,30. Preocupación por otra persona,"Un compañero me dijo algo que me tiene muy preocupado, ¿qué hago?",Cómo acompañar a un par y a qué canal derivarlo (Bienestar/DAE); recursos 24/7.,Bienestar / DAE + Recursos verificados (hoja Recursos_verificados),"R09,R18",No,Contencion y derivacion,,,,,,,,,,,
pregunta,P227,30. Preocupación por otra persona,"Creo que un amigo puede estar en riesgo de hacerse daño, ¿a quién aviso?",Si el riesgo es inminente: acompañar a urgencia y usar líneas 24/7; avisar a DAE.,Recursos verificados (hoja Recursos_verificados),"R01,R02,R09,R18",No,Contencion y derivacion urgente,,,,,,,,,,,
pregunta,P228,30. Preocupación por otra persona,"Un compañero de grupo se aisló y dejó de responder, ¿debería avisar a alguien?",Orientación para reportar la preocupación a Bienestar/DAE de forma cuidadosa.,Bienestar / DAE,"R09,R18",No,Derivar a humano,,,,,,,,,,,
pregunta,P229,18. Bienestar emocional y salud mental académica,"Siento que todos entienden menos yo y quiero rendirme, ¿es normal sentirse así?",Validar la emoción sin diagnosticar y derivar a apoyo psicológico.,Bienestar Estudiantil UDLA + Recursos verificados (hoja Recursos_verificados),"R03,R09",No,Contencion y derivacion,,,,,,,,,,,
pregunta,P230,18. Bienestar emocional y salud mental académica,"Me da vergüenza pedir ayuda psicológica, ¿es confidencial?",Bienestar describe su atención como espacio confidencial; derivar a DAE para conocer su política exacta (sin garantizar).,Bienestar Estudiantil UDLA (política),"R03,R09,R19",No,Derivar a humano,,,,,,,,,,,
pregunta,P231,18. Bienestar emocional y salud mental académica,"Si pido apoyo psicológico en la U, ¿queda en mi expediente académico?",No afirmar garantías; derivar a DAE/Bienestar para que expliquen cómo manejan la información.,Bienestar Estudiantil UDLA (política) + Política de privacidad,"R03,R09,R19",No,Derivar a humano,,,,,,,,,,,
pregunta,P232,18. Bienestar emocional y salud mental académica,"Estuve mal emocionalmente y falté a varias clases, ¿cómo retomo sin que me eliminen?",Ruta de reincorporación con Bienestar + Trabajo Social + Coordinación y qué dice el reglamento.,Bienestar + Coordinación + Reglamento + Registro del alumno,"R03,R09",Si,Recomendacion (regla),,,,,,,,,,,
pregunta,P233,18. Bienestar emocional y salud mental académica,"La ansiedad no me deja rendir aunque estudie, ¿puedo pedir alguna adecuación?",Existencia de apoyo (Bienestar/Inclusión) y a quién solicitarlo; el bot no autoriza.,Bienestar + Inclusión Educativa + Coordinación,"R03,R09",No,Derivar a humano,,,,,,,,,,,
pregunta,P234,"25. Convivencia, discriminación y seguridad universitaria","Estoy viviendo violencia en mi casa o pareja y afecta mis estudios, ¿a quién acudo?","Trabajo Social DAE y líneas especializadas; si hay riesgo, líneas de emergencia.",Trabajo Social DAE + Recursos verificados (hoja Recursos_verificados),"R06,R09,R12,R15,R16",No,Contencion y derivacion,,,,,,,,,,,
pregunta,P235,"25. Convivencia, discriminación y seguridad universitaria","Pasó algo fuera de la U que me tiene mal y afecta mi ánimo, ¿hay apoyo?",Apoyo psicológico de Bienestar y derivación si corresponde.,Bienestar Estudiantil UDLA,"R09,R15,R16",No,Contencion y derivacion,,,,,,,,,,,
pregunta,P236,"27. Casos sensibles, urgentes y límites del chatbot","Tengo pensamientos de hacerme daño, ¿qué hago?",Respuesta cálida y breve que entrega recursos reales 24/7 y anima a acudir a urgencia si hay riesgo; nunca reemplaza ayuda profesional.,Recursos verificados (hoja Recursos_verificados),"R01,R02,R09,R19",No,Contencion y derivacion urgente,,,,,,,,,,,
pregunta,P237,"27. Casos sensibles, urgentes y límites del chatbot","Estoy teniendo una crisis de angustia en este momento, ¿me puedes ayudar?","Contención breve, recursos inmediatos 24/7 y derivación humana.",Recursos verificados (hoja Recursos_verificados),"R01,R02,R09,R19",No,Contencion y derivacion urgente,,,,,,,,,,,
pregunta,P238,"27. Casos sensibles, urgentes y límites del chatbot",¿Puedes darme terapia o decirme qué tengo?,Límite claro: el bot no diagnostica ni hace terapia; deriva a profesionales.,Política del sistema + Recursos verificados (hoja Recursos_verificados),"R09,R19",No,Meta y límites,,,,,,,,,,,
pregunta,P239,"27. Casos sensibles, urgentes y límites del chatbot","Me dijiste que hable con alguien, pero no me atrevo, ¿qué hago?",Bajar la barrera: opciones de contacto de baja exposición (chat/teléfono) y acompañamiento.,Recursos verificados (hoja Recursos_verificados) + Bienestar / DAE,"R09,R19",No,Contencion y derivacion,,,,,,,,,,,
recurso_verificado,R01,Emergencia vital,SAMU 131,"Si hay riesgo vital, indicar de inmediato llamar al 131 (SAMU) o acudir al servicio de urgencia más cercano.",Recursos verificados (hoja Recursos_verificados),,,Recurso verificado,Nacional (Chile),"Riesgo vital inminente: intento de suicidio en curso, pérdida de conciencia, signos graves.",Si,131 (teléfono),24/7 todo el año,Toda la población en Chile,No dar instrucciones médicas; no garantizar que la ambulancia siempre acude sin priorizar; no reemplazarlo por lineas de contencion cuando hay peligro de vida.,https://saludresponde.minsal.cl/en-caso-de-una-urgencia-vital-llame-al-samu-131/,2026-07-07,verificado,"Es el primer recurso ante peligro de vida, por encima de cualquier linea de salud mental."
recurso_verificado,R02,Crisis suicida,Linea Prevencion del Suicidio *4141,"Existe la linea gratuita *4141 de prevencion del suicidio, 24/7, atendida por psicologos del MINSAL, para crisis asociadas a ideas suicidas.",Recursos verificados (hoja Recursos_verificados),,,Recurso verificado,Nacional (Chile),Crisis o ideacion suicida sin riesgo vital inmediato; contencion por psicologo.,No,*4141 (desde celular),24/7 (lunes a domingo),Nacional; gratuita y confidencial; version para personas sordas via Salud Responde,No prometer que envia ambulancia; no asegurar tiempos de respuesta; no usarla como reemplazo del 131 si hay riesgo vital.,https://portalsaluddigital.minsal.cl/telemedicina-sincronica/4141-linea-prevencion-del-suicidio/,2026-07-07,verificado,"Si el relato indica riesgo vital inminente, escalar a R01 (SAMU 131)."
recurso_verificado,R03,Contencion salud mental,Salud Responde 600 360 7777,"Salud Responde (600 360 7777) es la plataforma del MINSAL que orienta y contiene en temas de salud, incluida salud mental, las 24 horas, y coordina con SAMU si hay urgencia.",Recursos verificados (hoja Recursos_verificados),,,Recurso verificado,Nacional (Chile),Orientacion y contencion en salud mental; informacion en salud; coordinacion con SAMU.,No,600 360 7777 (opcion 2: salud mental),Telefono 24/7,Poblacion general en Chile,No presentarla como psicoterapia o seguimiento prolongado; la gratuidad de la llamada depende del plan telefonico.,https://saludresponde.minsal.cl/llame-a-salud-responde-600-360-7777/,2026-07-07,verificado,Buena opcion cuando hay angustia pero no crisis suicida.
recurso_verificado,R04,Contencion salud mental,Linea Libre 1515 (Fundacion para la Confianza),"Linea Libre (1515) es apoyo psicologico gratuito para jovenes; ante dudas de horario, verificar en linealibre.cl.",Recursos verificados (hoja Recursos_verificados),,,Recurso verificado,Nacional (Chile),"Apoyo psicologico a ninos, ninas y jovenes: salud mental, vulneracion de derechos, maltrato, bullying, soledad.",No,1515 (telefono) / chat en linealibre.cl / app Linea Libre,Horario en conflicto entre fuentes (ver notas),"Ninos, ninas y jovenes en Chile; gratuita",No afirmar un unico horario sin advertir la discrepancia; no usarla como reemplazo de *4141 en crisis suicida grave.,https://www.linealibre.cl/,2026-07-07,parcialmente verificado,Horario contradictorio: MINSAL indica L-S 10:00-22:00; el sitio de Linea Libre indica otro rango. Confirmar antes de publicar horario.
recurso_verificado,R05,Contencion salud mental,Hablemos de Todo (INJUV),"Para jovenes de 15 a 29 anos, existe el chat gratuito y anonimo 'Hablemos de Todo' de INJUV para orientacion en salud mental, violencia, sexualidad y autocuidado.",Recursos verificados (hoja Recursos_verificados),,,Recurso verificado,Nacional (Chile),"Orientacion psicologica anonima para jovenes: salud mental, sexualidad, violencia, autocuidado.",No,Chat en hablemosdetodo.injuv.gob.cl,"L-V 10:00-22:00, S 11:00-17:00",Jovenes de 15 a 29 anos en Chile,No prometer atencion fuera del rango etario; no presentarlo como servicio de emergencia vital.,https://www.ventanillaunicasocial.gob.cl/ficha/acceso/programa-hablemos-todo,2026-07-07,verificado,Encaja bien con estudiantes universitarios por el rango 15-29.
recurso_verificado,R06,Contencion salud mental,Orientacion violencia contra la mujer 1455,"Ante violencia de genero existe la linea 1455 de orientacion; si hay peligro inmediato, llamar a Carabineros 133 o SAMU 131.",Recursos verificados (hoja Recursos_verificados),,,Recurso verificado,Nacional (Chile),Orientacion e informacion ante situaciones de violencia de genero.,No,1455 (telefono),24/7,Nacional (SernamEG),No ofrecer asesoria legal propia; no garantizar medidas de proteccion especificas.,https://www.sernameg.gob.cl/,2026-07-07,parcialmente verificado,Numero de amplio uso publico; confirmar vigencia en SernamEG antes del piloto.
recurso_verificado,R07,Contencion salud mental,Fono Drogas y Alcohol 1412 (SENDA),Para consumo de alcohol o drogas existe el Fono Drogas y Alcohol 1412 de SENDA.,Recursos verificados (hoja Recursos_verificados),,,Recurso verificado,Nacional (Chile),Orientacion sobre consumo de alcohol y drogas.,No,1412 (telefono),Ver SENDA,Nacional,No dar indicaciones clinicas ni de desintoxicacion; solo orientar y derivar.,https://www.senda.gob.cl/,2026-07-07,parcialmente verificado,Confirmar horario en SENDA.
recurso_verificado,R08,Contencion salud mental,Carabineros 133 / Bomberos 132,"Ante peligro por terceros o situaciones de seguridad, llamar a Carabineros 133; ante fuego/rescate, Bomberos 132.",Recursos verificados (hoja Recursos_verificados),,,Recurso verificado,Nacional (Chile),Seguridad y emergencias no medicas.,No,133 (Carabineros) / 132 (Bomberos),24/7,Nacional,No usarlos como linea de contencion emocional.,https://www.minsal.cl/,2026-07-07,verificado,"Complementan al 131 cuando el riesgo es de seguridad, no medico."
recurso_verificado,R09,Institucional UDLA (1a linea),DAE / Programa de Bienestar Estudiantil UDLA,UDLA tiene un Programa de Bienestar Estudiantil con orientacion psicologica gratuita y confidencial y apoyo psicosocial via la DAE de tu campus; puedes agendar en MiUDLA o acudir a la DAE.,Recursos verificados (hoja Recursos_verificados),,,Recurso verificado,UDLA,Apoyo psicologico gratuito y confidencial de baja complejidad; orientacion; apoyo psicosocial; conflictos estudiantiles.,No,PCE: 800 240 100 / 22 531 999; presencial en la DAE de cada campus,"PCE L-V 8:30-20:00, S 9:00-14:00",Estudiantes UDLA de todos los campus,No prometer cupo inmediato; no es atencion de urgencia vital; no es terapia de largo plazo; no garantiza cambios academicos ni beneficios.,https://siae.udla.cl/servicio-al-estudiante/bienestar-estudiantil/,2026-07-07,verificado,"Primera linea de derivacion del bot. Equipo por campus: orientadores, psicologos y trabajadores sociales."
recurso_verificado,R10,Institucional UDLA (1a linea),DAE por campus (contactos de supervisores),"El bot debe derivar al contacto de la DAE del campus del estudiante; para Santiago Centro, el supervisor es Kevin Meza (kmeza@udla.cl / IG @daeudlasc).",Recursos verificados (hoja Recursos_verificados),,,Recurso verificado,UDLA,Contacto directo con la DAE del campus del estudiante.,No,Santiago Centro: kmeza@udla.cl (IG @daeudlasc); Providencia: pmachado@udla.cl (@daeudlapr); La Florida: fherrera@udla.cl (@daeudlalf); Vina del Mar: dmatus@udla.cl (@daeudlavl); Dir. DAE RM: vcortes@udla.cl; Dir. Nac. Bienestar: yquintanilla@udla.cl,Horario universitario / PCE,Estudiantes UDLA segun campus,No inventar telefonos directos por campus; usar los correos/IG verificados o el canal PCE.,https://siae.udla.cl/vida-universitaria/dae/,2026-07-07,verificado,"Faltan supervisores de Maipu, Melipilla, Concepcion y Online: completar desde la misma pagina DAE."
recurso_verificado,R11,Institucional UDLA (1a linea),Convenios de Salud Mental UDLA,"Ademas de Bienestar interno, UDLA tiene convenios de salud mental con centros externos con tarifas preferenciales; revisa 'Convenios de Salud Mental' en SIAE o consulta en la DAE por los detalles vigentes.",Recursos verificados (hoja Recursos_verificados),,,Recurso verificado,UDLA,Derivacion asistida a atencion psicologica/psiquiatrica externa gratuita o de bajo costo.,No,Via DAE del campus (derivacion asistida),Segun convenio,Estudiantes UDLA (algunos convenios cubren familia),No recomendar un centro especifico sin considerar el caso; no prometer precios ni cupos que pueden haber cambiado.,https://siae.udla.cl/servicio-al-estudiante/convenios-estudiantiles/,2026-07-07,verificado,"Valores y centros especificos son volatiles: no fijarlos en el corpus, apuntar al portal."
recurso_verificado,R12,Socioeconomico y calamidad,Trabajo Social UDLA,"Ante fuerza mayor o calamidad familiar que afecte tu situacion economica, el/la trabajador/a social de la DAE orienta sobre beneficios, becas y apoyos; agenda en MiUDLA o en la DAE.",Recursos verificados (hoja Recursos_verificados),,,Recurso verificado,UDLA,"Dificultades socioeconomicas, fuerza mayor, calamidad familiar; orientacion en becas y beneficios estatales.",No,Via DAE del campus (agendar en MiUDLA),Horario universitario,Estudiantes UDLA,"No prometer condonacion de deuda, gratuidad, becas aseguradas ni resultados favorables en apelaciones.",https://siae.udla.cl/beneficios-estatales/acreditacion-socioeconomica/,2026-07-07,verificado,Combina con R13 en casos de fallecimiento del sostenedor economico.
recurso_verificado,R13,Socioeconomico y calamidad,Beca Extraordinaria de Rectoria por Fallecimiento del Tutor Economico,"Si fallece la persona que financiaba tus estudios, existe la Beca Extraordinaria de Rectoria por Fallecimiento del Tutor Economico; consulta requisitos en SIAE o en la DAE.",Recursos verificados (hoja Recursos_verificados),,,Recurso verificado,UDLA,Apoyo economico cuando fallece quien financiaba los estudios (duelo con impacto economico).,No,Via DAE / SIAE (Becas UDLA),Segun bases de la beca,Estudiantes UDLA que cumplan requisitos,No asegurar la adjudicacion; esta sujeta a requisitos y evaluacion.,https://siae.udla.cl/becas-udla/beca-extraordinaria-de-rectoria-por-fallecimiento-del-tutor-economico/,2026-07-07,verificado,Recurso clave para la categoria de duelo/calamidad del banco de preguntas.
recurso_verificado,R14,Academico,Plan de Acompanamiento Academico UDLA,"Si vas mal academicamente, UDLA ofrece tutorias, mentorias y apoyo en asignaturas criticas dentro del Plan de Acompanamiento Academico.",Recursos verificados (hoja Recursos_verificados),,,Recurso verificado,UDLA,"Tutorias, mentorias, asignaturas de nivelacion y apoyo en asignaturas criticas (crisis academica).",No,Via SIAE / DAE,Segun oferta del semestre,Estudiantes UDLA,"No garantizar aprobacion ni cupos; es apoyo, no reemplaza el estudio ni la decision del docente.",https://siae.udla.cl/plan-de-acompanamiento-academico/,2026-07-07,verificado,Enlaza con las categorias de crisis academica y plan de recuperacion del banco.
recurso_verificado,R15,Denuncia y proteccion,"Denuncia de Acoso Sexual, Violencia y Discriminacion de Genero UDLA","Deriva al canal oficial de denuncia de acoso sexual/violencia/genero; la DAE puede escuchar, ofrecer apoyo psicologico y derivar a la Unidad de Investigacion y Sancion.",Recursos verificados (hoja Recursos_verificados),,,Recurso verificado,UDLA,"Denuncias por acoso sexual, violencia o discriminacion de genero en contexto UDLA.",No,"Canal oficial: udla.cl/canales-de-denuncia/acoso-sexual/ ; la DAE recibe relatos, ofrece apoyo psicologico y deriva a Secretaria General",Segun protocolo,Comunidad UDLA; puede denunciar la persona afectada u otra con su consentimiento,No garantizar anonimato que el protocolo no especifica; no prometer plazos ni sanciones; no ofrecer asesoria legal propia.,https://vinculacion.udla.cl/genero/protocolo/,2026-07-07,parcialmente verificado,El correo de denuncia esta ofuscado en el sitio oficial: NO se pudo verificar 'denunciaeacoso@udla.cl'. Usar el canal-web y confirmar el correo en la pagina antes de publicarlo.
recurso_verificado,R16,Denuncia y proteccion,Canal de Denuncias UDLA (Codigo de Etica / Modelo de Prevencion del Delito),Para irregularidades o conductas inapropiadas existe un canal formal ante la Secretaria General regido por el Codigo de Etica y el Modelo de Prevencion del Delito.,Recursos verificados (hoja Recursos_verificados),,,Recurso verificado,UDLA,"Denuncia de irregularidades o conductas inapropiadas (fraude, discriminacion, faltas a politicas).",No,udla.cl/canales-de-denuncia/,Segun procedimiento interno,Comunidad UDLA,No garantizar anonimato si el documento no lo especifica; no prometer resultados de la investigacion; no sugerir canales informales.,https://udla.cl/canales-de-denuncia/,2026-07-07,verificado,Distinto del canal de genero (R15).
recurso_verificado,R17,Institucional UDLA,Solicitudes y Reclamos UDLA,"Para solicitudes o reclamos, UDLA tiene un formulario oficial gestionado por la DAE como mediadora con las areas de la universidad.",Recursos verificados (hoja Recursos_verificados),,,Recurso verificado,UDLA,Solicitudes de servicios/beneficios y reclamos que requieren mediacion institucional.,No,Formulario en udla.cl/canales-de-atencion/solicitudes-y-reclamos/ (gestiona la DAE),Formulario en linea 24/7; tramitacion segun proceso interno,Estudiantes UDLA,No prometer plazos de respuesta que UDLA no explicita ni resultados favorables.,https://udla.cl/canales-de-atencion/solicitudes-y-reclamos/,2026-07-07,verificado,
recurso_verificado,R18,Guia de triage,Escribo por un amigo en crisis (orientacion de terceros),"Si escribes por un amigo: (1) si hay riesgo vital, llamar al 131; (2) si hay ideas suicidas sin riesgo inmediato, derivar a *4141 y/o 600 360 7777; (3) sugerir que el amigo contacte a la DAE/Bienestar para seguimiento; en violencia/acoso, recordar el protocolo donde otra persona puede denunciar con consentimiento del afectado.",Recursos verificados (hoja Recursos_verificados),,,Recurso verificado,UDLA + Nacional,"La persona que consulta no es quien esta en crisis, sino un tercero (amigo/companero).",No,Combinacion: SAMU 131 si riesgo vital; *4141 y Salud Responde 600 360 7777 si ideacion sin riesgo inmediato; DAE/Bienestar para acompanamiento,Segun cada recurso,Estudiantes UDLA y sus pares,No prometer que el bot intervenga por su cuenta; no garantizar atencion sin consentimiento; no dar manejo clinico; no minimizar el riesgo vital.,https://siae.udla.cl/servicio-al-estudiante/bienestar-estudiantil/,2026-07-07,parcialmente verificado,No existe un documento unico que norme la actuacion de terceros: se integran varios recursos oficiales.
recurso_verificado,R19,Limite del bot,Politica de limites y derivacion del chatbot,"El bot no diagnostica, no hace terapia y no autoriza excepciones academicas; su rol es orientar y derivar a la persona o servicio correcto.",Recursos verificados (hoja Recursos_verificados),,,Recurso verificado,UDLA,"Casos que exceden al bot: diagnostico, terapia, decisiones academicas vinculantes, urgencias.",No,Deriva a los recursos R01-R18 segun corresponda,No aplica,Uso general del chatbot,"No dar la impresion de ser profesional de salud; no reemplazar a la DAE, al docente ni a los servicios de urgencia; no garantizar confidencialidad que no le consta.",https://udla.cl/politicas-de-privacidad/,2026-07-07,verificado,Fila de gobierno del bot: define cuando callar y derivar.
